{
    "panes": {
        "quadrants": [
            "Source",
            "Console",
            "TabSet1",
            "TabSet2"
        ],
        "tabSet1": [
            "Environment",
            "History",
            "Connections",
            "Build",
            "VCS",
            "Tutorial",
            "Presentation"
        ],
        "tabSet2": [
            "Files",
            "Plots",
            "Packages",
            "Help",
            "Viewer"
        ],
        "console_left_on_top": false,
        "console_right_on_top": true
    },
    "margin_column": 60,
    "posix_terminal_shell": "bash",
    "show_terminal_tab": false
}